origin,destination,count
ABQ,ATL,67
ABQ,AUS,92
ABQ,BWI,98
ABQ,DAL,284
ABQ,DEN,471
ABQ,DFW,426
ABQ,HOU,161
ABQ,IAH,193
ABQ,JFK,72
ABQ,LAS,248
ABQ,LAX,274
ABQ,MCI,59
ABQ,MCO,22
ABQ,MDW,106
ABQ,MSP,15
ABQ,OAK,139
ABQ,ORD,158
ABQ,PDX,5
ABQ,PHX,767
ABQ,SAN,110
ABQ,SAT,10
ABQ,SEA,55
ABQ,SFO,212
ABQ,SJC,7
ABQ,SLC,28
ABQ,SNA,4
ALB,ATL,109
ALB,BWI,234
ALB,CLT,155
ALB,DCA,196
ALB,DEN,92
ALB,DTW,109
ALB,EWR,24
ALB,FLL,149
ALB,IAD,11
ALB,LAS,7
ALB,MCO,227
ALB,MDW,128
ALB,MSP,30
ALB,ORD,444
ALB,PHL,110
ALB,RSW,10
ALB,TPA,89
ANC,ATL,23
ANC,DEN,67
ANC,DFW,45
ANC,EWR,4
ANC,HNL,46
ANC,IAH,15
ANC,KOA,8
ANC,LAS,2
ANC,LAX,29
ANC,MSP,55
ANC,OGG,10
ANC,ORD,94
ANC,PDX,90
ANC,PHX,22
ANC,SEA,571
ANC,SFO,14
ANC,SLC,2
ATL,ABQ,105
ATL,ALB,127
ATL,ANC,21
ATL,AUS,666
ATL,BDL,275
ATL,BHM,482
ATL,BNA,624
ATL,BOS,1540
ATL,BUF,172
ATL,BWI,1049
ATL,CHS,431
ATL,CLE,508
ATL,CLT,886
ATL,CMH,582
ATL,COS,110
ATL,CVG,288
ATL,DAL,625
ATL,DAY,138
ATL,DCA,1169
ATL,DEN,1018
ATL,DFW,1246
ATL,DSM,130
ATL,DTW,805
ATL,ELP,84
ATL,EWR,1900
ATL,FLL,1471
ATL,GRR,177
ATL,GSO,342
ATL,GSP,624
ATL,HNL,37
ATL,HOU,772
ATL,IAD,601
ATL,IAH,960
ATL,ICT,123
ATL,IND,610
ATL,JAX,882
ATL,JFK,744
ATL,LAS,771
ATL,LAX,1333
ATL,LEX,386
ATL,LGA,1972
ATL,LIT,307
ATL,MCI,564
ATL,MCO,1763
ATL,MDW,685
ATL,MEM,509
ATL,MIA,1113
ATL,MKE,387
ATL,MSN,124
ATL,MSP,684
ATL,MSY,994
ATL,MYR,150
ATL,OAK,89
ATL,OKC,208
ATL,OMA,218
ATL,ORD,1448
ATL,ORF,420
ATL,PBI,754
ATL,PDX,166
ATL,PHL,1218
ATL,PHX,645
ATL,PIT,458
ATL,PNS,326
ATL,PSP,2
ATL,PVD,160
ATL,PWM,110
ATL,RDU,935
ATL,RIC,691
ATL,RNO,4
ATL,ROC,128
ATL,RSW,562
ATL,SAN,334
ATL,SAT,518
ATL,SAV,422
ATL,SDF,344
ATL,SEA,562
ATL,SFO,728
ATL,SJC,146
ATL,SJU,257
ATL,SLC,511
ATL,SMF,145
ATL,SNA,186
ATL,STL,586
ATL,SYR,144
ATL,TPA,1256
ATL,TUL,191
ATL,TUS,109
ATL,TYS,456
ATL,XNA,361
AUS,ABQ,81
AUS,ATL,557
AUS,BNA,145
AUS,BOS,236
AUS,BUF,29
AUS,BWI,89
AUS,CHS,18
AUS,CLE,42
AUS,CLT,201
AUS,CMH,25
AUS,CVG,79
AUS,DAL,523
AUS,DCA,73
AUS,DEN,539
AUS,DFW,587
AUS,DTW,123
AUS,ELP,149
AUS,EWR,564
AUS,FLL,188
AUS,HOU,506
AUS,IAD,223
AUS,IAH,532
AUS,IND,57
AUS,JAX,22
AUS,JFK,402
AUS,LAS,372
AUS,LAX,513
AUS,LGB,108
AUS,MCI,73
AUS,MCO,268
AUS,MDW,171
AUS,MEM,18
AUS,MIA,111
AUS,MKE,25
AUS,MSP,156
AUS,MSY,195
AUS,OAK,51
AUS,OMA,11
AUS,ONT,51
AUS,ORD,402
AUS,PDX,72
AUS,PHL,168
AUS,PHX,524
AUS,PIT,12
AUS,PNS,4
AUS,PVD,11
AUS,RDU,82
AUS,RNO,32
AUS,SAN,237
AUS,SDF,12
AUS,SEA,228
AUS,SFO,530
AUS,SJC,273
AUS,SLC,118
AUS,SMF,55
AUS,SNA,23
AUS,STL,68
AUS,TPA,86
BDL,ATL,260
BDL,BWI,361
BDL,CLE,19
BDL,CLT,314
BDL,CVG,28
BDL,DCA,372
BDL,DEN,68
BDL,DFW,132
BDL,DTW,124
BDL,EWR,47
BDL,FLL,345
BDL,IAD,161
BDL,IAH,20
BDL,LAS,33
BDL,LAX,35
BDL,MCO,504
BDL,MDW,117
BDL,MIA,29
BDL,MSP,136
BDL,MYR,17
BDL,ORD,459
BDL,PBI,112
BDL,PHL,225
BDL,RDU,23
BDL,RSW,107
BDL,SFO,23
BDL,SJU,149
BDL,STL,9
BDL,TPA,239
BHM,ATL,565
BHM,BWI,36
BHM,CLT,382
BHM,DAL,109
BHM,DCA,111
BHM,DEN,55
BHM,DFW,385
BHM,DTW,35
BHM,FLL,0
BHM,HOU,94
BHM,IAH,262
BHM,LAS,36
BHM,LGA,123
BHM,MCO,171
BHM,MDW,130
BHM,MIA,98
BHM,ORD,330
BHM,PHL,179
BHM,TPA,156
BNA,ATL,599
BNA,AUS,150
BNA,BOS,579
BNA,BWI,377
BNA,CHS,47
BNA,CLE,174
BNA,CLT,515
BNA,CMH,146
BNA,CVG,48
BNA,DAL,315
BNA,DCA,606
BNA,DEN,463
BNA,DFW,551
BNA,DTW,346
BNA,EWR,515
BNA,FLL,286
BNA,HOU,237
BNA,IAD,178
BNA,IAH,398
BNA,JAX,198
BNA,JFK,274
BNA,LAS,197
BNA,LAX,398
BNA,LGA,1063
BNA,MCI,211
BNA,MCO,397
BNA,MDW,418
BNA,MIA,186
BNA,MKE,57
BNA,MSN,0
BNA,MSP,285
BNA,MSY,243
BNA,MYR,15
BNA,OAK,50
BNA,OKC,4
BNA,ORD,1033
BNA,PHL,400
BNA,PHX,187
BNA,PIT,63
BNA,PNS,155
BNA,RDU,311
BNA,RIC,21
BNA,RSW,30
BNA,SAN,118
BNA,SAT,113
BNA,SAV,11
BNA,SEA,110
BNA,SFO,287
BNA,SLC,39
BNA,STL,157
BNA,SYR,5
BNA,TPA,320
BOI,DAL,1
BOI,DEN,304
BOI,DFW,76
BOI,GEG,60
BOI,IAH,58
BOI,LAS,106
BOI,LAX,151
BOI,MDW,24
BOI,MSP,63
BOI,OAK,92
BOI,ORD,177
BOI,PDX,41
BOI,PHX,229
BOI,SAN,73
BOI,SEA,467
BOI,SFO,429
BOI,SJC,42
BOI,SLC,259
BOI,SMF,42
BOS,ATL,1466
BOS,AUS,246
BOS,BNA,570
BOS,BUF,539
BOS,BUR,23
BOS,BWI,1221
BOS,CHS,182
BOS,CLE,434
BOS,CLT,741
BOS,CMH,239
BOS,CVG,236
BOS,DAL,53
BOS,DCA,1577
BOS,DEN,591
BOS,DFW,594
BOS,DTW,685
BOS,EWR,1653
BOS,FLL,874
BOS,HOU,128
BOS,IAD,499
BOS,IAH,364
BOS,IND,273
BOS,JAX,400
BOS,JFK,1275
BOS,LAS,440
BOS,LAX,1059
BOS,LGA,2142
BOS,LGB,129
BOS,MCI,203
BOS,MCO,1040
BOS,MDW,256
BOS,MIA,461
BOS,MKE,213
BOS,MSN,1
BOS,MSP,569
BOS,MSY,271
BOS,MYR,44
BOS,OAK,33
BOS,ORD,1613
BOS,ORF,42
BOS,PBI,621
BOS,PDX,108
BOS,PHL,1526
BOS,PHX,458
BOS,PIT,754
BOS,RDU,752
BOS,RIC,392
BOS,ROC,130
BOS,RSW,651
BOS,SAN,201
BOS,SAV,108
BOS,SDF,1
BOS,SEA,496
BOS,SFO,1335
BOS,SJC,117
BOS,SJU,278
BOS,SLC,286
BOS,SMF,37
BOS,STL,192
BOS,SYR,203
BOS,TPA,671
BUF,ATL,195
BUF,AUS,19
BUF,BOS,482
BUF,BWI,224
BUF,CLT,137
BUF,DCA,106
BUF,DEN,51
BUF,DFW,0
BUF,DTW,131
BUF,EWR,332
BUF,FLL,134
BUF,IAD,120
BUF,JAX,13
BUF,JFK,666
BUF,LAS,68
BUF,LAX,87
BUF,LGA,312
BUF,MCO,393
BUF,MDW,180
BUF,MIA,7
BUF,MSP,38
BUF,ORD,524
BUF,PHL,88
BUF,PHX,84
BUF,RDU,20
BUF,RSW,31
BUF,TPA,133
BUR,BOS,16
BUR,DAL,72
BUR,DEN,265
BUR,HOU,14
BUR,JFK,101
BUR,LAS,637
BUR,MDW,12
BUR,OAK,735
BUR,PDX,82
BUR,PHX,669
BUR,SEA,208
BUR,SFO,984
BUR,SJC,549
BUR,SLC,120
BUR,SMF,445
BWI,ABQ,97
BWI,ALB,358
BWI,ATL,1160
BWI,AUS,134
BWI,BDL,437
BWI,BHM,69
BWI,BNA,369
BWI,BOS,1295
BWI,BUF,421
BWI,CHS,228
BWI,CLE,232
BWI,CLT,629
BWI,CMH,230
BWI,CVG,366
BWI,DAL,250
BWI,DEN,457
BWI,DFW,352
BWI,DTW,522
BWI,EWR,296
BWI,FLL,929
BWI,GRR,74
BWI,HOU,233
BWI,IAH,201
BWI,IND,186
BWI,JAX,224
BWI,JFK,320
BWI,LAS,321
BWI,LAX,340
BWI,MCI,179
BWI,MCO,855
BWI,MDW,454
BWI,MEM,90
BWI,MIA,207
BWI,MKE,142
BWI,MSP,288
BWI,MSY,320
BWI,MYR,41
BWI,OAK,145
BWI,OKC,79
BWI,ORD,598
BWI,ORF,272
BWI,PBI,246
BWI,PDX,29
BWI,PHL,50
BWI,PHX,306
BWI,PIT,177
BWI,PVD,474
BWI,PWM,213
BWI,RDU,567
BWI,ROC,227
BWI,RSW,291
BWI,SAN,298
BWI,SAT,153
BWI,SAV,14
BWI,SDF,198
BWI,SEA,208
BWI,SFO,215
BWI,SJC,59
BWI,SJU,115
BWI,SLC,144
BWI,SMF,61
BWI,STL,223
BWI,TPA,511
BWI,TUL,8
BWI,TYS,10
CHS,ATL,367
CHS,AUS,20
CHS,BNA,78
CHS,BOS,273
CHS,BWI,167
CHS,CLE,0
CHS,CLT,419
CHS,CVG,26
CHS,DAL,24
CHS,DCA,357
CHS,DEN,73
CHS,DFW,129
CHS,DTW,1
CHS,EWR,321
CHS,FLL,29
CHS,HOU,48
CHS,IAD,174
CHS,IAH,111
CHS,IND,16
CHS,JFK,328
CHS,LGA,217
CHS,MDW,76
CHS,MIA,137
CHS,MSP,6
CHS,ORD,261
CHS,PHL,152
CHS,PIT,22
CHS,SEA,28
CHS,STL,8
CLE,ATL,515
CLE,AUS,34
CLE,BDL,43
CLE,BNA,109
CLE,BOS,454
CLE,BWI,146
CLE,CHS,2
CLE,CLT,272
CLE,DCA,337
CLE,DEN,178
CLE,DFW,308
CLE,DTW,140
CLE,EWR,558
CLE,FLL,133
CLE,IAD,132
CLE,IAH,337
CLE,JAX,22
CLE,JFK,363
CLE,LAS,209
CLE,LAX,73
CLE,LGA,1214
CLE,MCO,219
CLE,MDW,294
CLE,MIA,200
CLE,MKE,114
CLE,MSN,0
CLE,MSP,213
CLE,MSY,30
CLE,MYR,21
CLE,ORD,873
CLE,PBI,4
CLE,PDX,12
CLE,PHL,176
CLE,PHX,111
CLE,RDU,58
CLE,RSW,98
CLE,SAN,28
CLE,SAT,8
CLE,SAV,21
CLE,SEA,21
CLE,SFO,110
CLE,SLC,7
CLE,STL,92
CLE,TPA,70
CLT,ALB,181
CLT,ATL,993
CLT,AUS,358
CLT,BDL,425
CLT,BHM,484
CLT,BNA,591
CLT,BOS,934
CLT,BUF,194
CLT,BWI,717
CLT,CHS,573
CLT,CLE,395
CLT,CMH,481
CLT,CVG,636
CLT,DAL,99
CLT,DAY,541
CLT,DCA,602
CLT,DEN,596
CLT,DFW,721
CLT,DSM,177
CLT,DTW,541
CLT,EWR,1283
CLT,FLL,531
CLT,GRR,158
CLT,GSO,648
CLT,GSP,542
CLT,HOU,136
CLT,IAD,812
CLT,IAH,824
CLT,IND,502
CLT,JAX,490
CLT,JFK,988
CLT,LAS,408
CLT,LAX,401
CLT,LEX,383
CLT,LGA,1365
CLT,LIT,237
CLT,MCI,233
CLT,MCO,787
CLT,MDW,175
CLT,MEM,378
CLT,MIA,605
CLT,MKE,356
CLT,MSN,183
CLT,MSP,374
CLT,MSY,506
CLT,MYR,547
CLT,OKC,161
CLT,OMA,201
CLT,ORD,1085
CLT,ORF,624
CLT,PBI,373
CLT,PDX,95
CLT,PHL,786
CLT,PHX,636
CLT,PIT,511
CLT,PNS,275
CLT,PVD,407
CLT,PWM,145
CLT,RDU,543
CLT,RIC,642
CLT,ROC,221
CLT,RSW,295
CLT,SAN,256
CLT,SAT,331
CLT,SAV,584
CLT,SDF,496
CLT,SEA,306
CLT,SFO,491
CLT,SJC,50
CLT,SJU,119
CLT,SLC,123
CLT,SMF,97
CLT,STL,375
CLT,SYR,229
CLT,TPA,662
CLT,TUL,162
CLT,TUS,46
CLT,TYS,567
CLT,XNA,246
CMH,ATL,494
CMH,AUS,32
CMH,BNA,104
CMH,BOS,291
CMH,BWI,156
CMH,CLT,423
CMH,DAL,70
CMH,DCA,334
CMH,DEN,171
CMH,DFW,318
CMH,DTW,245
CMH,EWR,629
CMH,FLL,69
CMH,HOU,16
CMH,IAD,180
CMH,IAH,213
CMH,JFK,286
CMH,LAS,155
CMH,LAX,86
CMH,LGA,972
CMH,MCO,312
CMH,MDW,322
CMH,MIA,299
CMH,MSP,145
CMH,MSY,32
CMH,MYR,14
CMH,OAK,60
CMH,ORD,1042
CMH,PBI,2
CMH,PHL,300
CMH,PHX,218
CMH,RDU,40
CMH,RSW,156
CMH,SAT,4
CMH,STL,108
CMH,TPA,173
COS,ATL,51
COS,DEN,358
COS,DFW,311
COS,IAD,26
COS,IAH,196
COS,LAS,96
COS,LAX,181
COS,MCO,82
COS,MSP,18
COS,ORD,444
COS,PHX,131
COS,RSW,10
COS,SAN,35
COS,SAT,33
COS,SEA,16
COS,SLC,62
COS,TPA,9
CVG,ATL,376
CVG,AUS,50
CVG,BDL,27
CVG,BNA,28
CVG,BOS,260
CVG,BWI,312
CVG,CHS,16
CVG,CLE,0
CVG,CLT,643
CVG,DCA,358
CVG,DEN,239
CVG,DFW,448
CVG,DTW,173
CVG,EWR,758
CVG,FLL,124
CVG,IAD,226
CVG,IAH,323
CVG,JAX,53
CVG,JFK,162
CVG,LAS,158
CVG,LAX,163
CVG,LGA,767
CVG,MCI,82
CVG,MCO,141
CVG,MDW,302
CVG,MIA,159
CVG,MKE,62
CVG,MSP,264
CVG,MSY,34
CVG,MYR,23
CVG,ORD,1229
CVG,PHL,618
CVG,PHX,42
CVG,PVD,9
CVG,RDU,193
CVG,RSW,75
CVG,SAN,47
CVG,SAT,32
CVG,SAV,22
CVG,SEA,17
CVG,SFO,127
CVG,SJC,17
CVG,SJU,1
CVG,SLC,44
CVG,STL,35
CVG,TPA,74
CVG,XNA,30
DAL,ABQ,414
DAL,ATL,647
DAL,AUS,757
DAL,BHM,195
DAL,BNA,314
DAL,BOI,2
DAL,BOS,54
DAL,BUR,93
DAL,BWI,286
DAL,CHS,21
DAL,CLT,112
DAL,CMH,125
DAL,DCA,584
DAL,DEN,597
DAL,DTW,97
DAL,ELP,321
DAL,FLL,206
DAL,GSP,1
DAL,HOU,1755
DAL,IND,124
DAL,JAX,9
DAL,LAS,331
DAL,LAX,458
DAL,LGA,697
DAL,LIT,272
DAL,MCI,476
DAL,MCO,322
DAL,MDW,614
DAL,MEM,156
DAL,MKE,22
DAL,MSP,1
DAL,MSY,544
DAL,OAK,135
DAL,OKC,302
DAL,OMA,80
DAL,ONT,138
DAL,PDX,223
DAL,PHL,108
DAL,PHX,552
DAL,PIT,82
DAL,PNS,11
DAL,RDU,89
DAL,RNO,19
DAL,SAN,347
DAL,SAT,791
DAL,SEA,375
DAL,SFO,493
DAL,SJC,185
DAL,SLC,81
DAL,SMF,114
DAL,SNA,76
DAL,STL,457
DAL,TPA,213
DAL,TUL,361
DAY,ATL,177
DAY,CLT,349
DAY,DCA,316
DAY,DEN,21
DAY,DFW,207
DAY,DTW,174
DAY,EWR,201
DAY,IAD,1
DAY,IAH,42
DAY,LGA,267
DAY,MSP,200
DAY,MYR,2
DAY,ORD,431
DAY,PHL,328
DCA,ALB,235
DCA,ATL,1187
DCA,AUS,84
DCA,BDL,383
DCA,BHM,153
DCA,BNA,492
DCA,BOS,1745
DCA,BUF,107
DCA,CHS,413
DCA,CLE,291
DCA,CLT,428
DCA,CMH,376
DCA,CVG,331
DCA,DAL,420
DCA,DAY,315
DCA,DEN,303
DCA,DFW,564
DCA,DSM,107
DCA,DTW,444
DCA,EWR,937
DCA,FLL,609
DCA,GRR,63
DCA,GSO,269
DCA,GSP,214
DCA,HOU,179
DCA,IAH,472
DCA,IND,378
DCA,JAX,304
DCA,JFK,497
DCA,LAS,49
DCA,LAX,193
DCA,LEX,71
DCA,LGA,1659
DCA,LIT,70
DCA,MCI,230
DCA,MCO,782
DCA,MDW,405
DCA,MEM,147
DCA,MIA,567
DCA,MKE,133
DCA,MSN,63
DCA,MSP,419
DCA,MSY,421
DCA,MYR,27
DCA,OKC,20
DCA,OMA,116
DCA,ORD,1292
DCA,ORF,284
DCA,PBI,197
DCA,PDX,54
DCA,PHL,195
DCA,PHX,182
DCA,PIT,205
DCA,PNS,111
DCA,PVD,408
DCA,PWM,261
DCA,RDU,266
DCA,ROC,96
DCA,RSW,183
DCA,SAV,175
DCA,SDF,228
DCA,SEA,76
DCA,SFO,154
DCA,SJU,58
DCA,SLC,53
DCA,STL,332
DCA,SYR,234
DCA,TPA,444
DCA,TYS,211
DCA,XNA,63
DEN,ABQ,535
DEN,ALB,92
DEN,ANC,82
DEN,ATL,864
DEN,AUS,657
DEN,BDL,205
DEN,BHM,46
DEN,BNA,493
DEN,BOI,415
DEN,BOS,762
DEN,BUF,41
DEN,BUR,278
DEN,BWI,505
DEN,CHS,50
DEN,CLE,345
DEN,CLT,509
DEN,CMH,292
DEN,COS,521
DEN,CVG,260
DEN,DAL,508
DEN,DAY,18
DEN,DCA,401
DEN,DFW,1292
DEN,DSM,218
DEN,DTW,564
DEN,ELP,142
DEN,EWR,1132
DEN,FAT,270
DEN,FLL,319
DEN,GEG,304
DEN,GRR,213
DEN,GSO,11
DEN,GSP,11
DEN,HNL,47
DEN,HOU,454
DEN,IAD,673
DEN,IAH,831
DEN,ICT,161
DEN,IND,366
DEN,JAX,222
DEN,JFK,296
DEN,KOA,52
DEN,LAS,1340
DEN,LAX,1399
DEN,LGA,966
DEN,LGB,18
DEN,LIH,50
DEN,LIT,137
DEN,MCI,683
DEN,MCO,647
DEN,MDW,614
DEN,MEM,122
DEN,MIA,349
DEN,MKE,494
DEN,MSN,155
DEN,MSP,1035
DEN,MSY,286
DEN,MYR,11
DEN,OAK,283
DEN,OGG,48
DEN,OKC,525
DEN,OMA,447
DEN,ONT,311
DEN,ORD,1262
DEN,ORF,69
DEN,PDX,663
DEN,PHL,622
DEN,PHX,1653
DEN,PIT,241
DEN,PNS,41
DEN,PSP,251
DEN,PVD,69
DEN,PWM,9
DEN,RDU,371
DEN,RIC,100
DEN,RNO,315
DEN,RSW,106
DEN,SAN,741
DEN,SAT,392
DEN,SAV,16
DEN,SDF,132
DEN,SEA,1337
DEN,SFO,1735
DEN,SJC,427
DEN,SLC,1451
DEN,SMF,542
DEN,SNA,555
DEN,STL,487
DEN,SYR,10
DEN,TPA,468
DEN,TUL,405
DEN,TUS,403
DEN,TYS,43
DEN,XNA,73
DFW,ABQ,671
DFW,ANC,55
DFW,ATL,1358
DFW,AUS,885
DFW,BDL,170
DFW,BHM,418
DFW,BNA,574
DFW,BOI,114
DFW,BOS,859
DFW,BUF,2
DFW,BWI,379
DFW,CHS,173
DFW,CLE,413
DFW,CLT,781
DFW,CMH,358
DFW,COS,398
DFW,CVG,424
DFW,DAY,177
DFW,DCA,667
DFW,DEN,1222
DFW,DSM,294
DFW,DTW,820
DFW,ELP,766
DFW,EWR,1033
DFW,FAT,196
DFW,FLL,594
DFW,GEG,117
DFW,GRR,181
DFW,GSO,114
DFW,GSP,191
DFW,HNL,152
DFW,HOU,687
DFW,IAD,559
DFW,IAH,1345
DFW,ICT,520
DFW,IND,458
DFW,JAX,433
DFW,JFK,353
DFW,KOA,35
DFW,LAS,1008
DFW,LAX,1262
DFW,LEX,121
DFW,LGA,1456
DFW,LIH,14
DFW,LIT,417
DFW,MCI,534
DFW,MCO,996
DFW,MEM,517
DFW,MIA,940
DFW,MKE,322
DFW,MSN,129
DFW,MSP,850
DFW,MSY,649
DFW,MYR,10
DFW,OAK,125
DFW,OGG,117
DFW,OKC,716
DFW,OMA,309
DFW,ONT,446
DFW,ORD,1637
DFW,ORF,210
DFW,PBI,191
DFW,PDX,439
DFW,PHL,934
DFW,PHX,1171
DFW,PIT,372
DFW,PNS,320
DFW,PSP,191
DFW,RDU,450
DFW,RIC,209
DFW,RNO,185
DFW,RSW,246
DFW,SAN,768
DFW,SAT,947
DFW,SAV,185
DFW,SDF,563
DFW,SEA,1071
DFW,SFO,1200
DFW,SJC,345
DFW,SJU,181
DFW,SLC,711
DFW,SMF,412
DFW,SNA,607
DFW,STL,583
DFW,TPA,601
DFW,TUL,716
DFW,TUS,547
DFW,TYS,385
DFW,XNA,484
DSM,ATL,155
DSM,CLT,166
DSM,DCA,43
DSM,DEN,207
DSM,DFW,233
DSM,DTW,119
DSM,EWR,36
DSM,IAH,115
DSM,LAS,110
DSM,LAX,3
DSM,LGA,60
DSM,LIT,0
DSM,MCO,62
DSM,MSP,218
DSM,ORD,608
DSM,PHL,93
DSM,PHX,115
DSM,SFO,37
DSM,SLC,39
DSM,STL,94
DTW,ALB,136
DTW,ATL,751
DTW,AUS,171
DTW,BDL,159
DTW,BHM,35
DTW,BNA,358
DTW,BOS,709
DTW,BUF,146
DTW,BWI,456
DTW,CHS,5
DTW,CLE,185
DTW,CLT,514
DTW,CMH,264
DTW,CVG,185
DTW,DAL,84
DTW,DAY,167
DTW,DCA,526
DTW,DEN,386
DTW,DFW,761
DTW,DSM,171
DTW,EWR,1286
DTW,FLL,319
DTW,GRR,257
DTW,GSO,161
DTW,GSP,117
DTW,IAD,361
DTW,IAH,788
DTW,IND,296
DTW,JAX,74
DTW,JFK,243
DTW,LAS,360
DTW,LAX,393
DTW,LEX,183
DTW,LGA,1064
DTW,LIT,53
DTW,MCI,167
DTW,MCO,643
DTW,MDW,443
DTW,MEM,82
DTW,MIA,275
DTW,MKE,329
DTW,MSN,184
DTW,MSP,286
DTW,MSY,185
DTW,MYR,60
DTW,OAK,27
DTW,OKC,119
DTW,OMA,69
DTW,ORD,1434
DTW,ORF,127
DTW,PBI,36
DTW,PDX,68
DTW,PHL,560
DTW,PHX,311
DTW,PIT,217
DTW,PVD,143
DTW,PWM,120
DTW,RDU,176
DTW,RIC,155
DTW,ROC,152
DTW,RSW,244
DTW,SAN,94
DTW,SAT,118
DTW,SAV,37
DTW,SDF,170
DTW,SEA,382
DTW,SFO,377
DTW,SJC,2
DTW,SLC,149
DTW,SNA,35
DTW,STL,186
DTW,SYR,165
DTW,TPA,313
DTW,TUL,64
DTW,TYS,187
ELP,ATL,75
ELP,AUS,109
ELP,DAL,189
ELP,DEN,134
ELP,DFW,574
ELP,HOU,161
ELP,IAH,222
ELP,LAS,162
ELP,LAX,148
ELP,OKC,1
ELP,ORD,278
ELP,PHX,613
ELP,SAN,12
ELP,SAT,114
ELP,SLC,7
EWR,ALB,15
EWR,ANC,4
EWR,ATL,1344
EWR,AUS,365
EWR,BDL,83
EWR,BNA,371
EWR,BOS,1439
EWR,BUF,265
EWR,BWI,151
EWR,CHS,242
EWR,CLE,545
EWR,CLT,790
EWR,CMH,381
EWR,CVG,641
EWR,DAY,152
EWR,DCA,656
EWR,DEN,747
EWR,DFW,696
EWR,DSM,77
EWR,DTW,833
EWR,FLL,1673
EWR,GRR,166
EWR,GSO,147
EWR,GSP,167
EWR,HNL,49
EWR,IAD,165
EWR,IAH,848
EWR,IND,624
EWR,JAX,288
EWR,LAS,554
EWR,LAX,1079
EWR,LEX,48
EWR,MCI,224
EWR,MCO,2031
EWR,MDW,593
EWR,MEM,143
EWR,MIA,675
EWR,MKE,259
EWR,MSN,191
EWR,MSP,721
EWR,MSY,296
EWR,MYR,84
EWR,OAK,65
EWR,OKC,87
EWR,OMA,125
EWR,ORD,1282
EWR,ORF,208
EWR,PBI,1082
EWR,PDX,268
EWR,PHX,614
EWR,PIT,595
EWR,PSP,2
EWR,PVD,201
EWR,PWM,287
EWR,RDU,722
EWR,RIC,357
EWR,ROC,246
EWR,RSW,572
EWR,SAN,393
EWR,SAT,109
EWR,SAV,229
EWR,SDF,295
EWR,SEA,415
EWR,SFO,1536
EWR,SJC,172
EWR,SJU,397
EWR,SLC,156
EWR,SMF,70
EWR,SNA,141
EWR,STL,466
EWR,SYR,171
EWR,TPA,693
EWR,TYS,179
EWR,XNA,121
FAT,DEN,252
FAT,DFW,124
FAT,LAS,119
FAT,LAX,468
FAT,ORD,27
FAT,PDX,27
FAT,PHX,295
FAT,SAN,88
FAT,SEA,76
FAT,SFO,420
FAT,SLC,83
FLL,ALB,147
FLL,ATL,1419
FLL,AUS,250
FLL,BDL,345
FLL,BHM,1
FLL,BNA,286
FLL,BOS,872
FLL,BUF,164
FLL,BWI,893
FLL,CHS,107
FLL,CLE,208
FLL,CLT,337
FLL,CMH,137
FLL,CVG,122
FLL,DAL,175
FLL,DCA,629
FLL,DEN,271
FLL,DFW,512
FLL,DTW,382
FLL,EWR,1854
FLL,GRR,8
FLL,GSO,6
FLL,GSP,47
FLL,HOU,167
FLL,IAD,167
FLL,IAH,307
FLL,IND,163
FLL,JAX,431
FLL,JFK,1024
FLL,LAS,226
FLL,LAX,394
FLL,LEX,26
FLL,LGA,1296
FLL,LGB,118
FLL,MCI,98
FLL,MCO,453
FLL,MDW,223
FLL,MEM,32
FLL,MKE,47
FLL,MSP,88
FLL,MSY,283
FLL,MYR,59
FLL,OKC,0
FLL,ORD,638
FLL,ORF,28
FLL,PHL,656
FLL,PHX,83
FLL,PIT,289
FLL,PVD,225
FLL,RDU,451
FLL,RIC,273
FLL,SAN,96
FLL,SAT,25
FLL,SDF,31
FLL,SEA,93
FLL,SFO,288
FLL,SJU,861
FLL,SLC,95
FLL,STL,126
FLL,SYR,68
FLL,TPA,420
FLL,TYS,80
GEG,BOI,79
GEG,DEN,183
GEG,DFW,80
GEG,LAS,97
GEG,LAX,1
GEG,MDW,14
GEG,MSP,67
GEG,OAK,77
GEG,ORD,46
GEG,PDX,1
GEG,PHX,122
GEG,SAN,23
GEG,SEA,527
GEG,SFO,179
GEG,SJC,29
GEG,SLC,83
GEG,SMF,55
GRR,ATL,181
GRR,BWI,98
GRR,CLT,123
GRR,DCA,68
GRR,DEN,139
GRR,DFW,161
GRR,DTW,226
GRR,EWR,225
GRR,FLL,13
GRR,IAD,2
GRR,IAH,98
GRR,LAS,35
GRR,LGA,164
GRR,MCO,97
GRR,MDW,184
GRR,MIA,1
GRR,MSP,179
GRR,ORD,872
GRR,PHL,62
GRR,PHX,7
GRR,RSW,39
GRR,TPA,22
GSO,ATL,276
GSO,CLT,477
GSO,DCA,207
GSO,DEN,16
GSO,DFW,91
GSO,DTW,129
GSO,EWR,222
GSO,FLL,9
GSO,IAD,2
GSO,LGA,539
GSO,MCO,12
GSO,MIA,48
GSO,ORD,128
GSO,PHL,92
GSO,TPA,6
GSP,ATL,484
GSP,CLT,378
GSP,DAL,1
GSP,DCA,155
GSP,DEN,7
GSP,DFW,109
GSP,DTW,55
GSP,EWR,120
GSP,FLL,51
GSP,IAD,35
GSP,IAH,104
GSP,LAS,21
GSP,LGA,91
GSP,MCO,12
GSP,MIA,7
GSP,ORD,318
GSP,PHL,134
GSP,TPA,2
HNL,ANC,79
HNL,ATL,18
HNL,DEN,33
HNL,DFW,61
HNL,EWR,42
HNL,IAD,18
HNL,IAH,42
HNL,JFK,85
HNL,KOA,290
HNL,LAS,159
HNL,LAX,696
HNL,LGB,43
HNL,LIH,364
HNL,MSP,14
HNL,OAK,159
HNL,OGG,525
HNL,ORD,39
HNL,PDX,169
HNL,PHX,142
HNL,SAN,137
HNL,SEA,332
HNL,SFO,460
HNL,SJC,178
HNL,SLC,16
HNL,SMF,104
HOU,ABQ,192
HOU,ATL,710
HOU,AUS,368
HOU,BHM,198
HOU,BNA,280
HOU,BOS,263
HOU,BUR,14
HOU,BWI,221
HOU,CHS,88
HOU,CLT,97
HOU,CMH,9
HOU,DAL,1518
HOU,DCA,254
HOU,DEN,482
HOU,DFW,584
HOU,ELP,212
HOU,FLL,169
HOU,IND,86
HOU,JAX,132
HOU,JFK,125
HOU,LAS,350
HOU,LAX,425
HOU,LGA,310
HOU,MCI,181
HOU,MCO,381
HOU,MDW,467
HOU,MEM,138
HOU,MIA,1
HOU,MKE,64
HOU,MSY,638
HOU,OAK,189
HOU,OKC,308
HOU,OMA,94
HOU,PDX,27
HOU,PHL,1
HOU,PHX,358
HOU,PIT,61
HOU,PNS,130
HOU,RDU,118
HOU,SAN,178
HOU,SAT,359
HOU,SDF,4
HOU,SEA,14
HOU,SJC,54
HOU,SJU,53
HOU,SLC,17
HOU,SMF,2
HOU,SNA,68
HOU,STL,256
HOU,TPA,266
HOU,TUL,197
HOU,TUS,3
IAD,ALB,7
IAD,ATL,792
IAD,AUS,223
IAD,BDL,199
IAD,BNA,139
IAD,BOS,537
IAD,BUF,137
IAD,CHS,209
IAD,CLE,113
IAD,CLT,679
IAD,CMH,164
IAD,COS,40
IAD,CVG,222
IAD,DAY,0
IAD,DEN,513
IAD,DFW,549
IAD,DTW,342
IAD,EWR,390
IAD,FLL,176
IAD,GSO,4
IAD,GSP,48
IAD,HNL,37
IAD,IAH,322
IAD,IND,151
IAD,JAX,119
IAD,JFK,478
IAD,LAS,204
IAD,LAX,551
IAD,LGA,375
IAD,MCI,148
IAD,MCO,380
IAD,MIA,147
IAD,MSN,0
IAD,MSP,268
IAD,MSY,162
IAD,OKC,84
IAD,ORD,356
IAD,ORF,165
IAD,PDX,65
IAD,PHL,213
IAD,PHX,101
IAD,PIT,234
IAD,PVD,116
IAD,PWM,92
IAD,RDU,209
IAD,RIC,31
IAD,ROC,41
IAD,SAN,156
IAD,SAT,144
IAD,SAV,119
IAD,SDF,4
IAD,SEA,251
IAD,SFO,673
IAD,SJU,36
IAD,SLC,10
IAD,SMF,78
IAD,STL,7
IAD,SYR,48
IAD,TPA,192
IAD,TUL,15
IAD,TYS,21
IAH,ABQ,194
IAH,ANC,16
IAH,ATL,931
IAH,AUS,496
IAH,BDL,13
IAH,BHM,238
IAH,BNA,291
IAH,BOI,64
IAH,BOS,350
IAH,BWI,190
IAH,CHS,142
IAH,CLE,276
IAH,CLT,614
IAH,CMH,172
IAH,COS,189
IAH,CVG,271
IAH,DAY,39
IAH,DCA,463
IAH,DEN,701
IAH,DFW,1338
IAH,DSM,108
IAH,DTW,567
IAH,ELP,301
IAH,EWR,1068
IAH,FLL,382
IAH,GRR,98
IAH,GSP,105
IAH,HNL,81
IAH,IAD,314
IAH,ICT,186
IAH,IND,197
IAH,JAX,197
IAH,JFK,0
IAH,LAS,448
IAH,LAX,685
IAH,LEX,73
IAH,LGA,1053
IAH,LIT,294
IAH,MCI,246
IAH,MCO,542
IAH,MEM,252
IAH,MIA,625
IAH,MKE,101
IAH,MSN,0
IAH,MSP,543
IAH,MSY,591
IAH,OAK,19
IAH,OKC,500
IAH,OMA,167
IAH,ORD,1068
IAH,ORF,124
IAH,PBI,28
IAH,PDX,161
IAH,PHL,484
IAH,PHX,499
IAH,PIT,238
IAH,PNS,249
IAH,PSP,57
IAH,RDU,273
IAH,RIC,111
IAH,RNO,45
IAH,RSW,120
IAH,SAN,349
IAH,SAT,481
IAH,SAV,87
IAH,SDF,163
IAH,SEA,509
IAH,SFO,764
IAH,SJC,44
IAH,SJU,113
IAH,SLC,479
IAH,SMF,116
IAH,SNA,284
IAH,STL,231
IAH,TPA,364
IAH,TUL,330
IAH,TUS,177
IAH,TYS,112
IAH,XNA,224
ICT,ATL,112
ICT,DAY,1
ICT,DEN,125
ICT,DFW,427
ICT,IAH,219
ICT,LAS,59
ICT,LAX,7
ICT,MSP,112
ICT,ORD,380
ICT,PHX,38
ICT,SEA,37
ICT,STL,86
IND,ATL,635
IND,AUS,36
IND,BOS,265
IND,BWI,133
IND,CHS,8
IND,CLT,374
IND,DAL,85
IND,DCA,352
IND,DEN,303
IND,DFW,373
IND,DTW,251
IND,EWR,701
IND,FLL,115
IND,HOU,88
IND,IAD,123
IND,IAH,369
IND,JAX,22
IND,JFK,198
IND,LAS,176
IND,LAX,167
IND,LGA,543
IND,MCI,75
IND,MCO,310
IND,MDW,105
IND,MIA,193
IND,MSP,209
IND,MSY,15
IND,MYR,9
IND,OAK,28
IND,ORD,857
IND,PHL,349
IND,PHX,249
IND,RDU,92
IND,RSW,139
IND,SAN,26
IND,SAV,13
IND,SEA,80
IND,SFO,164
IND,SLC,27
IND,TPA,166
JAX,ATL,696
JAX,AUS,21
JAX,BNA,145
JAX,BOS,366
JAX,BUF,8
JAX,BWI,175
JAX,CLE,16
JAX,CLT,349
JAX,CVG,53
JAX,DAL,21
JAX,DCA,311
JAX,DEN,165
JAX,DFW,327
JAX,DTW,27
JAX,EWR,315
JAX,FLL,375
JAX,HOU,74
JAX,IAD,136
JAX,IAH,208
JAX,IND,38
JAX,JFK,443
JAX,LAS,42
JAX,LGA,236
JAX,MCI,2
JAX,MCO,0
JAX,MDW,45
JAX,MIA,274
JAX,MKE,3
JAX,MSP,41
JAX,ORD,294
JAX,ORF,6
JAX,PHL,216
JAX,PIT,31
JAX,SAT,12
JAX,SDF,5
JAX,STL,14
JAX,TPA,1
JFK,ABQ,69
JFK,ATL,618
JFK,AUS,455
JFK,BNA,334
JFK,BOS,1249
JFK,BUF,739
JFK,BUR,98
JFK,BWI,338
JFK,CHS,238
JFK,CLE,404
JFK,CLT,685
JFK,CMH,226
JFK,CVG,140
JFK,DCA,477
JFK,DEN,325
JFK,DFW,325
JFK,DTW,228
JFK,FLL,926
JFK,HNL,61
JFK,HOU,91
JFK,IAD,450
JFK,IND,195
JFK,JAX,433
JFK,LAS,705
JFK,LAX,2250
JFK,LGB,156
JFK,MCO,1153
JFK,MIA,668
JFK,MSP,247
JFK,MSY,341
JFK,OAK,83
JFK,ONT,14
JFK,ORD,810
JFK,ORF,284
JFK,PBI,477
JFK,PDX,191
JFK,PHL,212
JFK,PHX,499
JFK,PIT,267
JFK,PSP,46
JFK,PWM,428
JFK,RDU,664
JFK,RIC,195
JFK,RNO,64
JFK,ROC,458
JFK,RSW,259
JFK,SAN,450
JFK,SAT,79
JFK,SAV,230
JFK,SEA,695
JFK,SFO,1816
JFK,SJC,141
JFK,SJU,577
JFK,SLC,397
JFK,SMF,72
JFK,SNA,9
JFK,SYR,371
JFK,TPA,530
KOA,ANC,6
KOA,DEN,15
KOA,DFW,21
KOA,HNL,421
KOA,LAX,287
KOA,LIH,27
KOA,OAK,76
KOA,OGG,68
KOA,PDX,33
KOA,PHX,23
KOA,SAN,24
KOA,SEA,138
KOA,SFO,204
KOA,SJC,24
KOA,SMF,1
LAS,ABQ,309
LAS,ALB,5
LAS,ANC,1
LAS,ATL,654
LAS,AUS,362
LAS,BDL,69
LAS,BHM,91
LAS,BNA,217
LAS,BOI,162
LAS,BOS,322
LAS,BUF,132
LAS,BUR,696
LAS,BWI,434
LAS,CLE,157
LAS,CLT,222
LAS,CMH,205
LAS,COS,72
LAS,CVG,188
LAS,DAL,334
LAS,DCA,76
LAS,DEN,1218
LAS,DFW,781
LAS,DSM,83
LAS,DTW,297
LAS,ELP,168
LAS,EWR,644
LAS,FAT,102
LAS,FLL,240
LAS,GEG,166
LAS,GRR,18
LAS,GSP,8
LAS,HNL,172
LAS,HOU,327
LAS,IAD,165
LAS,IAH,379
LAS,ICT,98
LAS,IND,254
LAS,JAX,28
LAS,JFK,710
LAS,LAX,2160
LAS,LGB,532
LAS,LIT,83
LAS,MCI,264
LAS,MCO,302
LAS,MDW,516
LAS,MEM,59
LAS,MIA,201
LAS,MKE,258
LAS,MSN,25
LAS,MSP,236
LAS,MSY,192
LAS,OAK,872
LAS,OKC,140
LAS,OMA,225
LAS,ONT,401
LAS,ORD,818
LAS,ORF,6
LAS,PDX,457
LAS,PHL,383
LAS,PHX,1142
LAS,PIT,169
LAS,RDU,209
LAS,RNO,729
LAS,RSW,4
LAS,SAN,883
LAS,SAT,306
LAS,SDF,113
LAS,SEA,1216
LAS,SFO,2126
LAS,SJC,661
LAS,SLC,573
LAS,SMF,525
LAS,SNA,610
LAS,STL,333
LAS,TPA,247
LAS,TUL,69
LAS,TUS,300
LAS,TYS,10
LAS,XNA,27
LAX,ABQ,260
LAX,ANC,98
LAX,ATL,1076
LAX,AUS,517
LAX,BDL,57
LAX,BNA,377
LAX,BOI,132
LAX,BOS,1019
LAX,BUF,116
LAX,BWI,294
LAX,CLE,115
LAX,CLT,351
LAX,CMH,126
LAX,COS,113
LAX,CVG,186
LAX,DAL,512
LAX,DCA,211
LAX,DEN,1141
LAX,DFW,1091
LAX,DSM,1
LAX,DTW,331
LAX,ELP,202
LAX,EWR,1141
LAX,FAT,369
LAX,FLL,318
LAX,GEG,5
LAX,HNL,848
LAX,HOU,304
LAX,IAD,483
LAX,IAH,522
LAX,ICT,2
LAX,IND,187
LAX,JFK,2454
LAX,KOA,228
LAX,LAS,2014
LAX,LIH,279
LAX,LIT,1
LAX,MCI,286
LAX,MCO,583
LAX,MDW,390
LAX,MEM,58
LAX,MIA,568
LAX,MKE,88
LAX,MSN,0
LAX,MSP,326
LAX,MSY,366
LAX,OAK,992
LAX,OGG,448
LAX,OKC,12
LAX,OMA,30
LAX,ORD,1443
LAX,PDX,530
LAX,PHL,475
LAX,PHX,1342
LAX,PIT,91
LAX,PSP,57
LAX,RDU,150
LAX,RNO,365
LAX,SAN,544
LAX,SAT,232
LAX,SDF,0
LAX,SEA,1705
LAX,SFO,3720
LAX,SJC,860
LAX,SLC,820
LAX,SMF,762
LAX,STL,303
LAX,TPA,125
LAX,TUL,16
LAX,TUS,441
LAX,XNA,4
LEX,ATL,420
LEX,CLT,289
LEX,DCA,39
LEX,DFW,131
LEX,DTW,182
LEX,EWR,144
LEX,FLL,42
LEX,IAH,77
LEX,LGA,41
LEX,MSP,31
LEX,MYR,9
LEX,ORD,271
LEX,SAV,5
LGA,ATL,1677
LGA,BHM,167
LGA,BNA,888
LGA,BOS,1987
LGA,BUF,319
LGA,CHS,217
LGA,CLE,943
LGA,CLT,1025
LGA,CMH,811
LGA,CVG,572
LGA,DAL,484
LGA,DAY,253
LGA,DCA,1474
LGA,DEN,692
LGA,DFW,1184
LGA,DSM,107
LGA,DTW,854
LGA,FLL,1242
LGA,GRR,199
LGA,GSO,602
LGA,GSP,139
LGA,HOU,178
LGA,IAD,303
LGA,IAH,915
LGA,IND,544
LGA,JAX,210
LGA,LEX,94
LGA,MCI,402
LGA,MCO,781
LGA,MDW,528
LGA,MEM,326
LGA,MIA,1150
LGA,MKE,458
LGA,MSN,171
LGA,MSP,493
LGA,MSY,216
LGA,MYR,159
LGA,OMA,138
LGA,ORD,3806
LGA,ORF,651
LGA,PBI,517
LGA,PHL,178
LGA,PHX,1
LGA,PIT,905
LGA,PWM,394
LGA,RDU,1117
LGA,RIC,720
LGA,ROC,309
LGA,RSW,225
LGA,SAT,0
LGA,SAV,202
LGA,SDF,376
LGA,STL,804
LGA,SYR,278
LGA,TPA,412
LGA,TYS,129
LGA,XNA,204
LGB,AUS,64
LGB,BOS,98
LGB,DEN,10
LGB,FLL,82
LGB,HNL,22
LGB,JFK,189
LGB,LAS,368
LGB,OAK,354
LGB,PDX,117
LGB,PHX,238
LGB,RNO,44
LGB,SEA,140
LGB,SFO,344
LGB,SJC,196
LGB,SLC,333
LGB,SMF,185
LIH,DEN,19
LIH,DFW,11
LIH,HNL,505
LIH,KOA,45
LIH,LAX,387
LIH,OAK,51
LIH,OGG,106
LIH,PDX,21
LIH,PHX,29
LIH,SAN,40
LIH,SEA,130
LIH,SFO,75
LIH,SJC,45
LIT,ATL,305
LIT,CLT,151
LIT,DAL,188
LIT,DCA,12
LIT,DEN,147
LIT,DFW,475
LIT,DTW,14
LIT,IAH,298
LIT,LAS,64
LIT,LAX,1
LIT,MCO,4
LIT,ORD,285
LIT,PHX,33
LIT,STL,88
MCI,ABQ,66
MCI,ATL,503
MCI,AUS,46
MCI,BNA,162
MCI,BOS,183
MCI,BWI,106
MCI,CLT,163
MCI,CVG,90
MCI,DAL,389
MCI,DCA,234
MCI,DEN,646
MCI,DFW,392
MCI,DTW,147
MCI,EWR,270
MCI,FLL,82
MCI,HOU,167
MCI,IAD,100
MCI,IAH,240
MCI,IND,113
MCI,JAX,2
MCI,LAS,201
MCI,LAX,309
MCI,LGA,417
MCI,MCO,202
MCI,MDW,444
MCI,MIA,30
MCI,MKE,87
MCI,MSP,274
MCI,MSY,81
MCI,MYR,6
MCI,OAK,61
MCI,ORD,595
MCI,PDX,76
MCI,PHL,193
MCI,PHX,338
MCI,PNS,3
MCI,RDU,58
MCI,RSW,27
MCI,SAN,115
MCI,SAT,52
MCI,SEA,144
MCI,SFO,218
MCI,SLC,108
MCI,STL,148
MCI,TPA,81
MCO,ABQ,57
MCO,ALB,167
MCO,ATL,1504
MCO,AUS,227
MCO,BDL,502
MCO,BHM,158
MCO,BNA,381
MCO,BOS,1082
MCO,BUF,418
MCO,BWI,839
MCO,CLE,239
MCO,CLT,620
MCO,CMH,339
MCO,COS,55
MCO,CVG,251
MCO,DAL,265
MCO,DCA,888
MCO,DEN,555
MCO,DFW,811
MCO,DSM,28
MCO,DTW,508
MCO,EWR,2252
MCO,FLL,435
MCO,GRR,99
MCO,GSO,5
MCO,GSP,12
MCO,HOU,308
MCO,IAD,328
MCO,IAH,514
MCO,IND,364
MCO,JFK,1281
MCO,LAS,245
MCO,LAX,649
MCO,LGA,945
MCO,LIT,3
MCO,MCI,199
MCO,MDW,472
MCO,MEM,127
MCO,MIA,503
MCO,MKE,232
MCO,MSN,7
MCO,MSP,246
MCO,MSY,340
MCO,MYR,0
MCO,OAK,47
MCO,OKC,56
MCO,OMA,53
MCO,ONT,76
MCO,ORD,978
MCO,ORF,101
MCO,PDX,42
MCO,PHL,1249
MCO,PHX,355
MCO,PIT,361
MCO,PVD,578
MCO,PWM,25
MCO,RDU,345
MCO,RIC,209
MCO,ROC,29
MCO,SAN,147
MCO,SAT,145
MCO,SDF,85
MCO,SEA,193
MCO,SFO,293
MCO,SJC,50
MCO,SJU,1251
MCO,SLC,258
MCO,SMF,55
MCO,STL,334
MCO,SYR,177
MCO,TUL,34
MCO,TYS,11
MDW,ABQ,147
MDW,ALB,235
MDW,ATL,807
MDW,AUS,248
MDW,BDL,241
MDW,BHM,210
MDW,BNA,477
MDW,BOI,16
MDW,BOS,417
MDW,BUF,246
MDW,BUR,8
MDW,BWI,568
MDW,CHS,147
MDW,CLE,422
MDW,CLT,232
MDW,CMH,451
MDW,CVG,338
MDW,DAL,628
MDW,DCA,488
MDW,DEN,658
MDW,DTW,535
MDW,EWR,706
MDW,FLL,328
MDW,GEG,14
MDW,GRR,286
MDW,HOU,577
MDW,IND,169
MDW,JAX,117
MDW,LAS,555
MDW,LAX,445
MDW,LGA,732
MDW,MCI,565
MDW,MCO,664
MDW,MEM,173
MDW,MSP,894
MDW,MSY,290
MDW,OAK,311
MDW,OKC,51
MDW,OMA,408
MDW,ONT,117
MDW,ORF,180
MDW,PBI,0
MDW,PDX,198
MDW,PHL,532
MDW,PHX,602
MDW,PIT,386
MDW,PNS,7
MDW,PVD,259
MDW,PWM,3
MDW,RDU,303
MDW,RNO,81
MDW,RSW,311
MDW,SAN,287
MDW,SAT,159
MDW,SDF,302
MDW,SEA,319
MDW,SFO,308
MDW,SJC,132
MDW,SJU,80
MDW,SLC,185
MDW,SMF,100
MDW,SNA,22
MDW,STL,576
MDW,TPA,407
MDW,TUS,73
MEM,ATL,432
MEM,AUS,12
MEM,BWI,72
MEM,CLT,297
MEM,DAL,135
MEM,DCA,90
MEM,DEN,151
MEM,DFW,503
MEM,DTW,69
MEM,EWR,187
MEM,FLL,40
MEM,HOU,127
MEM,IAH,269
MEM,LAS,107
MEM,LAX,61
MEM,LGA,292
MEM,MCO,122
MEM,MDW,149
MEM,MIA,48
MEM,MSP,127
MEM,OAK,11
MEM,ORD,356
MEM,PHL,115
MEM,PHX,120
MEM,SAT,2
MEM,TPA,85
MIA,ATL,1138
MIA,AUS,174
MIA,BDL,95
MIA,BHM,127
MIA,BNA,167
MIA,BOS,597
MIA,BUF,12
MIA,BWI,216
MIA,CHS,117
MIA,CLE,143
MIA,CLT,528
MIA,CMH,172
MIA,CVG,138
MIA,DCA,640
MIA,DEN,271
MIA,DFW,878
MIA,DTW,286
MIA,EWR,808
MIA,GRR,3
MIA,GSO,60
MIA,GSP,6
MIA,HOU,4
MIA,IAD,174
MIA,IAH,631
MIA,IND,133
MIA,JAX,218
MIA,JFK,961
MIA,LAS,288
MIA,LAX,621
MIA,LGA,1338
MIA,MCI,43
MIA,MCO,606
MIA,MEM,63
MIA,MKE,15
MIA,MSP,214
MIA,MSY,296
MIA,OMA,35
MIA,ORD,1029
MIA,ORF,122
MIA,PHL,611
MIA,PHX,248
MIA,PIT,116
MIA,PNS,149
MIA,PVD,20
MIA,RDU,215
MIA,RIC,102
MIA,RSW,9
MIA,SAN,118
MIA,SAT,103
MIA,SAV,21
MIA,SDF,57
MIA,SEA,140
MIA,SFO,510
MIA,SJU,556
MIA,SLC,11
MIA,STL,183
MIA,TPA,460
MIA,TUL,9
MIA,TYS,6
MKE,ATL,370
MKE,AUS,21
MKE,BNA,86
MKE,BOS,241
MKE,BWI,128
MKE,CLE,114
MKE,CLT,296
MKE,CVG,47
MKE,DAL,11
MKE,DCA,108
MKE,DEN,326
MKE,DFW,262
MKE,DTW,307
MKE,EWR,246
MKE,FLL,45
MKE,HOU,26
MKE,IAH,133
MKE,JAX,6
MKE,LAS,206
MKE,LAX,43
MKE,LGA,513
MKE,MCI,73
MKE,MCO,233
MKE,MIA,16
MKE,MSP,213
MKE,ORD,478
MKE,PDX,1
MKE,PHL,64
MKE,PHX,246
MKE,RDU,24
MKE,RSW,83
MKE,SAN,25
MKE,SEA,121
MKE,SFO,4
MKE,SLC,79
MKE,STL,99
MKE,TPA,103
MSN,ATL,120
MSN,BNA,1
MSN,BOS,0
MSN,CLE,0
MSN,CLT,119
MSN,DCA,43
MSN,DEN,136
MSN,DFW,192
MSN,DTW,151
MSN,EWR,178
MSN,IAD,0
MSN,IAH,0
MSN,LAS,38
MSN,LAX,0
MSN,LGA,157
MSN,MCO,17
MSN,MSP,191
MSN,ORD,583
MSN,PHL,99
MSN,PHX,3
MSN,RDU,0
MSN,SEA,0
MSN,SFO,25
MSN,SLC,52
MSN,STL,0
MSP,ABQ,13
MSP,ALB,55
MSP,ANC,70
MSP,ATL,626
MSP,AUS,150
MSP,BDL,173
MSP,BNA,289
MSP,BOI,71
MSP,BOS,556
MSP,BUF,55
MSP,BWI,345
MSP,CHS,9
MSP,CLE,249
MSP,CLT,403
MSP,CMH,184
MSP,COS,20
MSP,CVG,261
MSP,DAL,0
MSP,DAY,146
MSP,DCA,479
MSP,DEN,923
MSP,DFW,855
MSP,DSM,284
MSP,DTW,331
MSP,EWR,1011
MSP,FLL,80
MSP,GEG,83
MSP,GRR,225
MSP,HNL,21
MSP,IAD,274
MSP,IAH,626
MSP,ICT,136
MSP,IND,225
MSP,JAX,31
MSP,JFK,237
MSP,LAS,338
MSP,LAX,475
MSP,LEX,66
MSP,LGA,631
MSP,MCI,335
MSP,MCO,308
MSP,MDW,834
MSP,MEM,176
MSP,MIA,241
MSP,MKE,205
MSP,MSN,243
MSP,MSY,72
MSP,MYR,15
MSP,OAK,11
MSP,OKC,153
MSP,OMA,271
MSP,ORD,1625
MSP,ORF,26
MSP,PBI,11
MSP,PDX,207
MSP,PHL,418
MSP,PHX,696
MSP,PIT,181
MSP,PSP,17
MSP,PVD,1
MSP,RDU,213
MSP,RIC,159
MSP,RNO,0
MSP,ROC,64
MSP,RSW,135
MSP,SAN,154
MSP,SAT,157
MSP,SAV,5
MSP,SDF,104
MSP,SEA,468
MSP,SFO,661
MSP,SJC,75
MSP,SJU,1
MSP,SLC,223
MSP,SMF,93
MSP,SNA,126
MSP,STL,363
MSP,SYR,37
MSP,TPA,163
MSP,TUL,85
MSP,TUS,16
MSP,TYS,59
MSP,XNA,84
MSY,ATL,942
MSY,AUS,177
MSY,BNA,201
MSY,BOS,296
MSY,BWI,249
MSY,CLE,33
MSY,CLT,316
MSY,CMH,29
MSY,CVG,28
MSY,DAL,511
MSY,DCA,366
MSY,DEN,295
MSY,DFW,522
MSY,DTW,136
MSY,EWR,459
MSY,FLL,359
MSY,HOU,725
MSY,IAD,160
MSY,IAH,465
MSY,IND,11
MSY,JFK,396
MSY,LAS,226
MSY,LAX,445
MSY,LGA,216
MSY,MCI,66
MSY,MCO,467
MSY,MDW,194
MSY,MIA,181
MSY,MSP,90
MSY,OAK,81
MSY,ORD,339
MSY,PHL,213
MSY,PHX,139
MSY,PIT,17
MSY,PVD,5
MSY,RDU,68
MSY,SAN,76
MSY,SAT,107
MSY,SEA,55
MSY,SFO,190
MSY,SJC,1
MSY,SLC,40
MSY,SMF,12
MSY,STL,91
MSY,TPA,316
MYR,ATL,135
MYR,BDL,55
MYR,BNA,7
MYR,BOS,76
MYR,BWI,57
MYR,CLE,31
MYR,CLT,364
MYR,CMH,15
MYR,CVG,26
MYR,DAY,4
MYR,DCA,42
MYR,DEN,10
MYR,DFW,10
MYR,DTW,67
MYR,EWR,318
MYR,FLL,53
MYR,IND,15
MYR,LEX,8
MYR,LGA,150
MYR,MCI,5
MYR,MCO,2
MYR,MSP,15
MYR,ORD,56
MYR,PHL,81
MYR,PIT,33
MYR,PVD,24
MYR,SDF,4
MYR,SYR,9
OAK,ABQ,170
OAK,ATL,38
OAK,AUS,36
OAK,BNA,75
OAK,BOI,131
OAK,BOS,27
OAK,BUR,756
OAK,BWI,90
OAK,CMH,47
OAK,DAL,108
OAK,DEN,267
OAK,DFW,109
OAK,DTW,37
OAK,EWR,91
OAK,GEG,129
OAK,HNL,107
OAK,HOU,98
OAK,IAH,19
OAK,IND,30
OAK,JFK,72
OAK,KOA,30
OAK,LAS,754
OAK,LAX,1247
OAK,LGB,440
OAK,LIH,58
OAK,MCI,62
OAK,MCO,38
OAK,MDW,130
OAK,MEM,8
OAK,MSP,26
OAK,MSY,39
OAK,OGG,107
OAK,ONT,402
OAK,ORD,45
OAK,PDX,360
OAK,PHX,573
OAK,RNO,158
OAK,SAN,675
OAK,SAT,13
OAK,SEA,783
OAK,SLC,289
OAK,SNA,428
OAK,STL,39
OAK,TUS,2
OGG,ANC,7
OGG,DEN,27
OGG,DFW,61
OGG,HNL,874
OGG,KOA,90
OGG,LAX,435
OGG,LIH,140
OGG,OAK,192
OGG,ORD,30
OGG,PDX,217
OGG,PHX,34
OGG,SAN,141
OGG,SEA,259
OGG,SFO,400
OGG,SJC,173
OGG,SLC,7
OGG,SMF,32
OKC,ATL,173
OKC,BNA,5
OKC,BWI,51
OKC,CLT,93
OKC,DAL,181
OKC,DCA,4
OKC,DEN,408
OKC,DFW,521
OKC,DTW,63
OKC,EWR,17
OKC,FLL,1
OKC,HOU,244
OKC,IAD,61
OKC,IAH,450
OKC,LAS,121
OKC,LAX,17
OKC,MCO,36
OKC,MDW,53
OKC,MSP,94
OKC,ORD,457
OKC,PHL,63
OKC,PHX,227
OKC,SAN,29
OKC,SAT,11
OKC,SEA,3
OKC,SFO,46
OKC,SLC,92
OKC,STL,100
OMA,ATL,210
OMA,AUS,20
OMA,CLT,139
OMA,DAL,99
OMA,DCA,134
OMA,DEN,424
OMA,DFW,254
OMA,DTW,67
OMA,EWR,270
OMA,HOU,56
OMA,IAH,196
OMA,LAS,183
OMA,LAX,20
OMA,LGA,95
OMA,MCO,60
OMA,MDW,320
OMA,MIA,19
OMA,MSP,253
OMA,ORD,621
OMA,PDX,6
OMA,PHL,90
OMA,PHX,171
OMA,RSW,13
OMA,SAN,14
OMA,SAT,6
OMA,SEA,52
OMA,SFO,86
OMA,SLC,67
OMA,STL,145
OMA,TPA,5
ONT,AUS,26
ONT,DAL,47
ONT,DEN,242
ONT,DFW,229
ONT,JFK,13
ONT,LAS,244
ONT,LGB,0
ONT,MCO,27
ONT,MDW,19
ONT,OAK,362
ONT,PDX,73
ONT,PHX,682
ONT,SAT,34
ONT,SEA,130
ONT,SFO,482
ONT,SJC,233
ONT,SLC,50
ONT,SMF,402
ORD,ABQ,302
ORD,ALB,545
ORD,ANC,130
ORD,ATL,1746
ORD,AUS,544
ORD,BDL,664
ORD,BHM,407
ORD,BNA,1228
ORD,BOI,201
ORD,BOS,2068
ORD,BUF,652
ORD,BWI,722
ORD,CHS,293
ORD,CLE,1127
ORD,CLT,1028
ORD,CMH,1084
ORD,COS,585
ORD,CVG,1248
ORD,DAY,505
ORD,DCA,1629
ORD,DEN,1450
ORD,DFW,2001
ORD,DSM,744
ORD,DTW,1430
ORD,ELP,380
ORD,EWR,1662
ORD,FAT,23
ORD,FLL,716
ORD,GEG,96
ORD,GRR,876
ORD,GSO,252
ORD,GSP,310
ORD,HNL,90
ORD,IAD,466
ORD,IAH,1373
ORD,ICT,501
ORD,IND,1059
ORD,JAX,415
ORD,JFK,883
ORD,LAS,1189
ORD,LAX,1853
ORD,LEX,342
ORD,LGA,4358
ORD,LIT,394
ORD,MCI,813
ORD,MCO,1123
ORD,MEM,507
ORD,MIA,1031
ORD,MKE,477
ORD,MSN,651
ORD,MSP,1686
ORD,MSY,448
ORD,MYR,37
ORD,OAK,30
ORD,OGG,55
ORD,OKC,538
ORD,OMA,723
ORD,ORF,387
ORD,PBI,204
ORD,PDX,611
ORD,PHL,1192
ORD,PHX,1184
ORD,PIT,800
ORD,PNS,121
ORD,PSP,127
ORD,PVD,266
ORD,PWM,261
ORD,RDU,527
ORD,RIC,712
ORD,RNO,114
ORD,ROC,596
ORD,RSW,481
ORD,SAN,726
ORD,SAT,474
ORD,SAV,174
ORD,SDF,523
ORD,SEA,1464
ORD,SFO,1967
ORD,SJC,385
ORD,SJU,137
ORD,SLC,888
ORD,SMF,274
ORD,SNA,545
ORD,STL,671
ORD,SYR,590
ORD,TPA,672
ORD,TUL,375
ORD,TUS,396
ORD,TYS,497
ORD,XNA,449
ORF,ATL,385
ORF,BOS,93
ORF,BWI,240
ORF,CLT,407
ORF,DCA,207
ORF,DEN,33
ORF,DFW,131
ORF,DTW,106
ORF,EWR,263
ORF,FLL,44
ORF,IAD,187
ORF,IAH,94
ORF,JAX,7
ORF,JFK,339
ORF,LAS,19
ORF,LGA,638
ORF,MCO,108
ORF,MDW,115
ORF,MIA,137
ORF,MSP,18
ORF,ORD,319
ORF,PHL,254
ORF,PHX,1
ORF,TPA,4
PBI,ATL,559
PBI,BDL,70
PBI,BOS,619
PBI,BWI,118
PBI,CLE,7
PBI,CLT,191
PBI,CMH,4
PBI,DCA,203
PBI,DFW,111
PBI,DTW,46
PBI,EWR,1132
PBI,IAH,8
PBI,JFK,492
PBI,LGA,648
PBI,MDW,1
PBI,MSP,15
PBI,ORD,178
PBI,PHL,213
PBI,PIT,7
PBI,PVD,1
PBI,RDU,4
PBI,STL,6
PDX,ABQ,7
PDX,ANC,126
PDX,ATL,130
PDX,AUS,52
PDX,BOI,102
PDX,BOS,168
PDX,BUR,98
PDX,BWI,63
PDX,CLE,10
PDX,CLT,95
PDX,DAL,128
PDX,DCA,72
PDX,DEN,461
PDX,DFW,273
PDX,DTW,94
PDX,EWR,123
PDX,FAT,34
PDX,GEG,2
PDX,HNL,127
PDX,HOU,17
PDX,IAD,56
PDX,IAH,90
PDX,JFK,207
PDX,KOA,15
PDX,LAS,433
PDX,LAX,407
PDX,LGB,81
PDX,LIH,13
PDX,MCI,53
PDX,MCO,38
PDX,MDW,88
PDX,MKE,12
PDX,MSP,105
PDX,OAK,256
PDX,OGG,196
PDX,OMA,19
PDX,ONT,63
PDX,ORD,440
PDX,PHL,36
PDX,PHX,481
PDX,PSP,37
PDX,RNO,13
PDX,SAN,237
PDX,SEA,795
PDX,SFO,1361
PDX,SJC,388
PDX,SLC,267
PDX,SMF,256
PDX,SNA,84
PDX,STL,28
PDX,TUS,8
PHL,ALB,113
PHL,ATL,1184
PHL,AUS,176
PHL,BDL,251
PHL,BHM,160
PHL,BNA,422
PHL,BOS,1434
PHL,BUF,97
PHL,BWI,49
PHL,CHS,156
PHL,CLE,193
PHL,CLT,611
PHL,CMH,306
PHL,CVG,662
PHL,DAL,73
PHL,DAY,363
PHL,DCA,225
PHL,DEN,633
PHL,DFW,738
PHL,DSM,97
PHL,DTW,454
PHL,FLL,703
PHL,GRR,82
PHL,GSO,106
PHL,GSP,191
PHL,HOU,2
PHL,IAD,184
PHL,IAH,584
PHL,IND,343
PHL,JAX,246
PHL,JFK,226
PHL,LAS,420
PHL,LAX,580
PHL,LGA,242
PHL,MCI,215
PHL,MCO,1313
PHL,MDW,373
PHL,MEM,182
PHL,MIA,567
PHL,MKE,88
PHL,MSN,141
PHL,MSP,410
PHL,MSY,243
PHL,MYR,97
PHL,OKC,91
PHL,OMA,125
PHL,ORD,827
PHL,ORF,319
PHL,PBI,258
PHL,PDX,35
PHL,PHX,620
PHL,PIT,392
PHL,PNS,41
PHL,PVD,321
PHL,PWM,161
PHL,RDU,542
PHL,RIC,35
PHL,ROC,61
PHL,RSW,274
PHL,SAN,209
PHL,SAT,84
PHL,SAV,176
PHL,SDF,111
PHL,SEA,307
PHL,SFO,655
PHL,SJU,469
PHL,SLC,119
PHL,STL,445
PHL,SYR,103
PHL,TPA,648
PHL,TYS,226
PHX,ABQ,728
PHX,ANC,35
PHX,ATL,410
PHX,AUS,457
PHX,BNA,205
PHX,BOI,262
PHX,BOS,407
PHX,BUF,52
PHX,BUR,681
PHX,BWI,301
PHX,CLE,79
PHX,CLT,349
PHX,CMH,172
PHX,COS,46
PHX,CVG,43
PHX,DAL,384
PHX,DCA,180
PHX,DEN,1398
PHX,DFW,810
PHX,DSM,107
PHX,DTW,272
PHX,ELP,676
PHX,EWR,730
PHX,FAT,289
PHX,FLL,60
PHX,GEG,182
PHX,GRR,3
PHX,HNL,150
PHX,HOU,323
PHX,IAD,39
PHX,IAH,528
PHX,ICT,33
PHX,IND,221
PHX,JFK,562
PHX,KOA,51
PHX,LAS,868
PHX,LAX,1457
PHX,LGA,0
PHX,LGB,273
PHX,LIH,53
PHX,LIT,30
PHX,MCI,347
PHX,MCO,300
PHX,MDW,428
PHX,MEM,172
PHX,MIA,179
PHX,MKE,295
PHX,MSN,1
PHX,MSP,510
PHX,MSY,97
PHX,OAK,580
PHX,OGG,61
PHX,OKC,171
PHX,OMA,288
PHX,ONT,790
PHX,ORD,854
PHX,ORF,2
PHX,PDX,547
PHX,PHL,521
PHX,PIT,136
PHX,PSP,246
PHX,RDU,53
PHX,RNO,466
PHX,RSW,4
PHX,SAN,953
PHX,SAT,474
PHX,SDF,59
PHX,SEA,1106
PHX,SFO,1455
PHX,SJC,631
PHX,SLC,834
PHX,SMF,651
PHX,SNA,643
PHX,STL,319
PHX,TPA,240
PHX,TUL,87
PHX,TUS,543
PIT,ATL,469
PIT,AUS,8
PIT,BNA,87
PIT,BOS,821
PIT,BWI,142
PIT,CHS,17
PIT,CLE,0
PIT,CLT,436
PIT,DAL,60
PIT,DCA,146
PIT,DEN,157
PIT,DFW,343
PIT,DTW,218
PIT,EWR,686
PIT,FLL,173
PIT,HOU,55
PIT,IAD,207
PIT,IAH,323
PIT,JAX,19
PIT,JFK,247
PIT,LAS,190
PIT,LAX,102
PIT,LGA,994
PIT,MCO,323
PIT,MDW,254
PIT,MIA,141
PIT,MSP,159
PIT,MSY,16
PIT,MYR,35
PIT,ORD,650
PIT,PBI,6
PIT,PHL,379
PIT,PHX,169
PIT,RDU,30
PIT,RSW,74
PIT,SAN,15
PIT,SAV,18
PIT,SEA,40
PIT,SFO,96
PIT,SJU,2
PIT,SLC,13
PIT,STL,59
PIT,TPA,180
PNS,ATL,314
PNS,AUS,1
PNS,BNA,110
PNS,CLT,226
PNS,DAL,14
PNS,DCA,75
PNS,DEN,58
PNS,DFW,281
PNS,HOU,39
PNS,IAH,231
PNS,MCI,6
PNS,MDW,11
PNS,MIA,143
PNS,ORD,111
PNS,PHL,58
PNS,STL,2
PSP,ATL,1
PSP,DEN,165
PSP,DFW,109
PSP,EWR,0
PSP,IAH,48
PSP,JFK,49
PSP,LAX,50
PSP,MSP,14
PSP,ORD,84
PSP,PDX,32
PSP,PHX,251
PSP,SEA,104
PSP,SFO,692
PSP,SLC,84
PVD,ATL,133
PVD,AUS,18
PVD,BWI,338
PVD,CLT,230
PVD,CVG,21
PVD,DCA,331
PVD,DEN,65
PVD,DTW,99
PVD,EWR,256
PVD,FLL,204
PVD,IAD,95
PVD,MCO,447
PVD,MDW,115
PVD,MIA,36
PVD,MSP,1
PVD,MSY,6
PVD,MYR,27
PVD,ORD,207
PVD,PBI,2
PVD,PHL,267
PVD,RDU,31
PVD,RSW,36
PVD,TPA,111
PWM,ATL,104
PWM,BWI,185
PWM,CLT,90
PWM,DCA,259
PWM,DEN,22
PWM,DTW,91
PWM,EWR,248
PWM,IAD,57
PWM,JFK,391
PWM,LGA,440
PWM,MCO,28
PWM,MDW,3
PWM,ORD,203
PWM,PHL,170
PWM,RDU,15
PWM,RSW,1
PWM,TPA,5
RDU,ATL,1041
RDU,AUS,105
RDU,BDL,86
RDU,BNA,323
RDU,BOS,775
RDU,BUF,24
RDU,BWI,469
RDU,CLE,81
RDU,CLT,419
RDU,CMH,82
RDU,CVG,169
RDU,DAL,93
RDU,DCA,242
RDU,DEN,304
RDU,DFW,340
RDU,DTW,146
RDU,EWR,1005
RDU,FLL,331
RDU,HOU,77
RDU,IAD,190
RDU,IAH,296
RDU,IND,103
RDU,JFK,887
RDU,LAS,231
RDU,LAX,148
RDU,LGA,1152
RDU,MCI,92
RDU,MCO,416
RDU,MDW,186
RDU,MIA,201
RDU,MKE,23
RDU,MSN,0
RDU,MSP,169
RDU,MSY,74
RDU,ORD,558
RDU,PBI,5
RDU,PHL,614
RDU,PHX,104
RDU,PIT,29
RDU,PVD,24
RDU,PWM,21
RDU,RSW,3
RDU,SAN,17
RDU,SAT,50
RDU,SEA,107
RDU,SFO,212
RDU,SJU,40
RDU,SLC,49
RDU,STL,125
RDU,SYR,16
RDU,TPA,330
RIC,ATL,586
RIC,BNA,35
RIC,BOS,444
RIC,CLT,472
RIC,DEN,106
RIC,DFW,180
RIC,DTW,170
RIC,EWR,423
RIC,FLL,209
RIC,IAD,62
RIC,IAH,122
RIC,JFK,185
RIC,LGA,701
RIC,MCO,216
RIC,MIA,101
RIC,MSP,122
RIC,ORD,537
RIC,PHL,49
RNO,ATL,10
RNO,AUS,32
RNO,BOI,1
RNO,DAL,6
RNO,DEN,241
RNO,DFW,131
RNO,IAH,23
RNO,JFK,53
RNO,LAS,633
RNO,LAX,524
RNO,LGB,56
RNO,MDW,27
RNO,MSP,2
RNO,OAK,153
RNO,ORD,79
RNO,PDX,16
RNO,PHX,403
RNO,SAN,121
RNO,SEA,33
RNO,SFO,388
RNO,SJC,84
RNO,SLC,180
ROC,ATL,113
ROC,BOS,161
ROC,BWI,155
ROC,CLT,174
ROC,DCA,77
ROC,DTW,136
ROC,EWR,223
ROC,IAD,39
ROC,JFK,358
ROC,LGA,291
ROC,MCO,57
ROC,MSP,24
ROC,ORD,479
ROC,PHL,70
ROC,RSW,0
ROC,TPA,66
RSW,ALB,8
RSW,ATL,381
RSW,BDL,106
RSW,BNA,22
RSW,BOS,680
RSW,BUF,30
RSW,BWI,199
RSW,CLE,94
RSW,CLT,212
RSW,CMH,106
RSW,COS,16
RSW,CVG,96
RSW,DCA,208
RSW,DEN,68
RSW,DFW,169
RSW,DTW,202
RSW,EWR,713
RSW,GRR,14
RSW,IAH,55
RSW,IND,128
RSW,JFK,294
RSW,LAS,5
RSW,LGA,222
RSW,MCI,34
RSW,MDW,207
RSW,MIA,5
RSW,MKE,85
RSW,MSP,111
RSW,OMA,9
RSW,ORD,410
RSW,PHL,270
RSW,PHX,10
RSW,PIT,79
RSW,PVD,37
RSW,PWM,2
RSW,RDU,5
RSW,ROC,0
RSW,SLC,2
RSW,STL,91
RSW,SYR,3
SAN,ABQ,142
SAN,ATL,282
SAN,AUS,255
SAN,BNA,123
SAN,BOI,115
SAN,BOS,254
SAN,BWI,290
SAN,CLE,5
SAN,CLT,130
SAN,COS,35
SAN,CVG,38
SAN,DAL,307
SAN,DEN,676
SAN,DFW,526
SAN,DTW,73
SAN,ELP,20
SAN,EWR,377
SAN,FAT,95
SAN,FLL,99
SAN,GEG,18
SAN,HNL,105
SAN,HOU,130
SAN,IAD,127
SAN,IAH,250
SAN,IND,21
SAN,JFK,435
SAN,KOA,24
SAN,LAS,897
SAN,LAX,557
SAN,LIH,38
SAN,MCI,146
SAN,MCO,150
SAN,MDW,168
SAN,MIA,46
SAN,MKE,33
SAN,MSP,106
SAN,MSY,76
SAN,OAK,702
SAN,OGG,88
SAN,OKC,15
SAN,OMA,14
SAN,ORD,464
SAN,PDX,274
SAN,PHL,95
SAN,PHX,1100
SAN,PIT,6
SAN,RDU,15
SAN,RNO,139
SAN,SAT,177
SAN,SEA,860
SAN,SFO,2129
SAN,SJC,841
SAN,SLC,320
SAN,SMF,709
SAN,STL,182
SAN,TPA,70
SAN,TUL,10
SAN,TUS,188
SAT,ABQ,5
SAT,ATL,455
SAT,BNA,122
SAT,BWI,120
SAT,CLE,6
SAT,CLT,178
SAT,CMH,5
SAT,COS,37
SAT,CVG,33
SAT,DAL,583
SAT,DEN,258
SAT,DFW,658
SAT,DTW,76
SAT,ELP,143
SAT,EWR,78
SAT,FLL,19
SAT,HOU,523
SAT,IAD,182
SAT,IAH,412
SAT,JAX,9
SAT,JFK,27
SAT,LAS,271
SAT,LAX,170
SAT,LGA,1
SAT,MCI,48
SAT,MCO,124
SAT,MDW,149
SAT,MEM,2
SAT,MIA,35
SAT,MSP,121
SAT,MSY,143
SAT,OAK,13
SAT,OKC,10
SAT,OMA,7
SAT,ONT,44
SAT,ORD,358
SAT,PHL,60
SAT,PHX,402
SAT,RDU,37
SAT,SAN,137
SAT,SEA,55
SAT,SFO,34
SAT,SJC,29
SAT,SLC,74
SAT,SNA,25
SAT,STL,78
SAT,TPA,56
SAT,TUL,7
SAV,ATL,400
SAV,BNA,14
SAV,BOS,134
SAV,BWI,17
SAV,CLE,30
SAV,CLT,403
SAV,CVG,28
SAV,DCA,131
SAV,DEN,24
SAV,DFW,128
SAV,DTW,17
SAV,EWR,269
SAV,IAD,91
SAV,IAH,92
SAV,IND,23
SAV,JFK,297
SAV,LEX,8
SAV,LGA,180
SAV,MIA,14
SAV,MSP,6
SAV,ORD,213
SAV,PHL,132
SAV,PIT,20
SAV,SDF,22
SDF,ATL,365
SDF,AUS,22
SDF,BOS,0
SDF,BWI,197
SDF,CLT,405
SDF,DCA,213
SDF,DEN,66
SDF,DFW,570
SDF,DTW,163
SDF,EWR,240
SDF,FLL,44
SDF,HOU,15
SDF,IAD,16
SDF,IAH,259
SDF,JAX,5
SDF,LAS,96
SDF,LAX,0
SDF,LGA,364
SDF,MCO,62
SDF,MDW,152
SDF,MIA,45
SDF,MSP,102
SDF,MYR,5
SDF,ORD,476
SDF,PHL,134
SDF,PHX,123
SDF,SAV,16
SDF,SFO,1
SDF,TPA,46
SEA,ABQ,27
SEA,ANC,1119
SEA,ATL,485
SEA,AUS,218
SEA,BNA,127
SEA,BOI,408
SEA,BOS,463
SEA,BUR,182
SEA,BWI,161
SEA,CHS,14
SEA,CLE,9
SEA,CLT,130
SEA,COS,20
SEA,CVG,27
SEA,DAL,222
SEA,DCA,125
SEA,DEN,1110
SEA,DFW,692
SEA,DTW,291
SEA,EWR,582
SEA,FAT,75
SEA,FLL,77
SEA,GEG,483
SEA,HNL,309
SEA,HOU,16
SEA,IAD,238
SEA,IAH,384
SEA,ICT,46
SEA,IND,39
SEA,JFK,728
SEA,KOA,169
SEA,LAS,962
SEA,LAX,1484
SEA,LGB,156
SEA,LIH,124
SEA,MCI,181
SEA,MCO,196
SEA,MDW,197
SEA,MIA,88
SEA,MKE,156
SEA,MSN,1
SEA,MSP,447
SEA,MSY,54
SEA,OAK,573
SEA,OGG,284
SEA,OKC,4
SEA,OMA,37
SEA,ONT,105
SEA,ORD,1216
SEA,PDX,637
SEA,PHL,182
SEA,PHX,876
SEA,PIT,9
SEA,PSP,113
SEA,RDU,118
SEA,RNO,39
SEA,SAN,600
SEA,SAT,57
SEA,SFO,2318
SEA,SJC,688
SEA,SLC,468
SEA,SMF,652
SEA,SNA,243
SEA,STL,136
SEA,TPA,59
SEA,TUS,45
SFO,ABQ,205
SFO,ANC,16
SFO,ATL,572
SFO,AUS,507
SFO,BDL,25
SFO,BNA,243
SFO,BOI,378
SFO,BOS,1392
SFO,BUR,768
SFO,BWI,202
SFO,CLE,144
SFO,CLT,301
SFO,CVG,105
SFO,DAL,418
SFO,DCA,181
SFO,DEN,1347
SFO,DFW,914
SFO,DSM,42
SFO,DTW,279
SFO,EWR,1752
SFO,FAT,338
SFO,FLL,301
SFO,GEG,179
SFO,HNL,570
SFO,IAD,764
SFO,IAH,640
SFO,IND,175
SFO,JFK,1792
SFO,KOA,260
SFO,LAS,1717
SFO,LAX,3762
SFO,LGB,336
SFO,LIH,103
SFO,MCI,220
SFO,MCO,283
SFO,MDW,144
SFO,MIA,335
SFO,MKE,20
SFO,MSN,20
SFO,MSP,387
SFO,MSY,124
SFO,OGG,471
SFO,OKC,101
SFO,OMA,79
SFO,ONT,362
SFO,ORD,1532
SFO,PDX,1174
SFO,PHL,561
SFO,PHX,1140
SFO,PIT,68
SFO,PSP,557
SFO,RDU,218
SFO,RNO,430
SFO,SAN,1677
SFO,SAT,87
SFO,SDF,1
SFO,SEA,2666
SFO,SLC,837
SFO,SMF,378
SFO,SNA,634
SFO,STL,226
SFO,TPA,99
SFO,TUS,185
SFO,XNA,89
SJC,ABQ,11
SJC,ATL,125
SJC,AUS,241
SJC,BOI,70
SJC,BOS,112
SJC,BUR,585
SJC,BWI,30
SJC,CLT,38
SJC,CVG,34
SJC,DAL,219
SJC,DEN,408
SJC,DFW,240
SJC,DTW,4
SJC,EWR,183
SJC,GEG,71
SJC,HNL,115
SJC,HOU,49
SJC,IAH,48
SJC,JFK,147
SJC,KOA,18
SJC,LAS,647
SJC,LAX,1046
SJC,LGB,180
SJC,LIH,35
SJC,MCI,9
SJC,MCO,86
SJC,MDW,82
SJC,MSP,41
SJC,MSY,2
SJC,OGG,105
SJC,ONT,281
SJC,ORD,189
SJC,PDX,445
SJC,PHX,598
SJC,RNO,123
SJC,SAN,818
SJC,SAT,22
SJC,SEA,896
SJC,SLC,204
SJC,SNA,654
SJC,STL,32
SJC,TUL,26
SJC,TUS,51
SJU,ATL,133
SJU,BDL,152
SJU,BOS,304
SJU,BWI,106
SJU,CLT,103
SJU,CVG,1
SJU,DCA,111
SJU,DFW,75
SJU,EWR,363
SJU,FLL,648
SJU,HOU,23
SJU,IAD,39
SJU,IAH,78
SJU,JFK,445
SJU,MCO,934
SJU,MDW,54
SJU,MIA,392
SJU,MSP,1
SJU,ORD,135
SJU,PHL,264
SJU,PIT,2
SJU,RDU,33
SJU,TPA,214
SLC,ABQ,58
SLC,ANC,7
SLC,ATL,443
SLC,AUS,121
SLC,BNA,36
SLC,BOI,252
SLC,BOS,233
SLC,BUR,179
SLC,BWI,135
SLC,CLE,25
SLC,CLT,95
SLC,COS,77
SLC,CVG,67
SLC,DAL,49
SLC,DCA,40
SLC,DEN,1156
SLC,DFW,564
SLC,DSM,54
SLC,DTW,172
SLC,ELP,12
SLC,EWR,305
SLC,FAT,81
SLC,FLL,130
SLC,GEG,114
SLC,HNL,66
SLC,HOU,12
SLC,IAD,50
SLC,IAH,425
SLC,IND,46
SLC,JFK,383
SLC,LAS,487
SLC,LAX,878
SLC,LGB,423
SLC,MCI,113
SLC,MCO,253
SLC,MDW,127
SLC,MIA,10
SLC,MKE,59
SLC,MSN,53
SLC,MSP,210
SLC,MSY,30
SLC,OAK,233
SLC,OGG,22
SLC,OKC,100
SLC,OMA,76
SLC,ONT,92
SLC,ORD,740
SLC,PDX,301
SLC,PHL,72
SLC,PHX,764
SLC,PIT,24
SLC,PSP,103
SLC,RDU,41
SLC,RNO,164
SLC,RSW,2
SLC,SAN,286
SLC,SAT,102
SLC,SEA,718
SLC,SFO,915
SLC,SJC,240
SLC,SMF,209
SLC,SNA,168
SLC,STL,134
SLC,TPA,48
SLC,TUL,48
SLC,TUS,104
SMF,ATL,86
SMF,AUS,20
SMF,BOI,68
SMF,BOS,32
SMF,BUR,433
SMF,BWI,22
SMF,CLT,38
SMF,DAL,39
SMF,DEN,326
SMF,DFW,246
SMF,EWR,45
SMF,GEG,59
SMF,HNL,32
SMF,HOU,1
SMF,IAD,52
SMF,IAH,100
SMF,JFK,55
SMF,KOA,0
SMF,LAS,413
SMF,LAX,837
SMF,LGB,285
SMF,MCO,34
SMF,MDW,33
SMF,MSP,67
SMF,MSY,3
SMF,OGG,18
SMF,ONT,340
SMF,ORD,151
SMF,PDX,253
SMF,PHX,574
SMF,SAN,597
SMF,SEA,807
SMF,SFO,475
SMF,SLC,171
SMF,SNA,298
SMF,STL,21
SNA,ABQ,9
SNA,ATL,177
SNA,AUS,17
SNA,DAL,54
SNA,DEN,544
SNA,DFW,486
SNA,DTW,55
SNA,EWR,115
SNA,HOU,52
SNA,IAH,219
SNA,JFK,14
SNA,LAS,522
SNA,MDW,33
SNA,MSP,122
SNA,OAK,399
SNA,ORD,341
SNA,PDX,119
SNA,PHX,712
SNA,SAT,19
SNA,SEA,343
SNA,SFO,1006
SNA,SJC,487
SNA,SLC,190
SNA,SMF,332
STL,ATL,606
STL,AUS,124
STL,BDL,30
STL,BNA,186
STL,BOS,243
STL,BWI,294
STL,CHS,27
STL,CLE,128
STL,CLT,328
STL,CMH,166
STL,CVG,37
STL,DAL,470
STL,DCA,392
STL,DEN,550
STL,DFW,501
STL,DSM,151
STL,DTW,212
STL,EWR,619
STL,FLL,136
STL,HOU,254
STL,IAD,5
STL,IAH,374
STL,ICT,157
STL,JAX,16
STL,LAS,294
STL,LAX,300
STL,LGA,996
STL,LIT,150
STL,MCI,237
STL,MCO,401
STL,MDW,445
STL,MIA,152
STL,MKE,90
STL,MSN,0
STL,MSP,383
STL,MSY,150
STL,OAK,40
STL,OKC,134
STL,OMA,186
STL,ORD,451
STL,PBI,6
STL,PDX,61
STL,PHL,483
STL,PHX,352
STL,PIT,80
STL,PNS,2
STL,RDU,134
STL,RSW,122
STL,SAN,172
STL,SAT,130
STL,SEA,183
STL,SFO,240
STL,SJC,45
STL,SLC,102
STL,SMF,57
STL,TPA,148
STL,TUL,169
SYR,ATL,152
SYR,BNA,5
SYR,BOS,128
SYR,CLT,173
SYR,DCA,213
SYR,DEN,28
SYR,DTW,161
SYR,EWR,155
SYR,FLL,65
SYR,IAD,50
SYR,JFK,339
SYR,LGA,288
SYR,MCO,76
SYR,MSP,17
SYR,MYR,9
SYR,ORD,518
SYR,PHL,74
SYR,RDU,4
SYR,RSW,4
SYR,TPA,11
TPA,ALB,63
TPA,ATL,1106
TPA,AUS,85
TPA,BDL,296
TPA,BHM,107
TPA,BNA,244
TPA,BOS,591
TPA,BUF,132
TPA,BWI,475
TPA,CLE,80
TPA,CLT,461
TPA,CMH,144
TPA,COS,12
TPA,CVG,83
TPA,DAL,165
TPA,DCA,504
TPA,DEN,407
TPA,DFW,488
TPA,DTW,253
TPA,EWR,826
TPA,FLL,391
TPA,GRR,25
TPA,GSO,7
TPA,GSP,1
TPA,HOU,169
TPA,IAD,157
TPA,IAH,359
TPA,IND,188
TPA,JFK,540
TPA,LAS,235
TPA,LAX,138
TPA,LGA,408
TPA,MCI,92
TPA,MCO,0
TPA,MDW,321
TPA,MEM,91
TPA,MIA,399
TPA,MKE,139
TPA,MSP,171
TPA,MSY,247
TPA,OMA,2
TPA,ORD,537
TPA,ORF,3
TPA,PHL,631
TPA,PHX,263
TPA,PIT,164
TPA,PVD,160
TPA,PWM,2
TPA,RDU,288
TPA,ROC,39
TPA,SAN,67
TPA,SAT,83
TPA,SDF,65
TPA,SEA,74
TPA,SFO,48
TPA,SJU,379
TPA,SLC,18
TPA,STL,148
TPA,SYR,8
TUL,ATL,200
TUL,BWI,11
TUL,CLT,80
TUL,DAL,261
TUL,DEN,286
TUL,DFW,531
TUL,DTW,21
TUL,HOU,156
TUL,IAD,25
TUL,IAH,329
TUL,LAS,83
TUL,LAX,21
TUL,MCO,24
TUL,MIA,7
TUL,MSP,66
TUL,OKC,1
TUL,ORD,297
TUL,PHX,95
TUL,SAN,23
TUL,SAT,11
TUL,SJC,23
TUL,SLC,39
TUL,STL,113
TUS,ATL,40
TUS,CLT,47
TUS,DEN,284
TUS,DFW,324
TUS,HOU,0
TUS,IAH,145
TUS,LAS,158
TUS,LAX,444
TUS,MDW,9
TUS,MSP,20
TUS,OAK,8
TUS,ORD,187
TUS,PDX,17
TUS,PHX,381
TUS,SAN,122
TUS,SEA,43
TUS,SFO,309
TUS,SJC,22
TUS,SLC,48
TYS,ATL,312
TYS,BWI,10
TYS,CLT,453
TYS,DCA,149
TYS,DEN,46
TYS,DFW,283
TYS,DTW,111
TYS,EWR,122
TYS,FLL,85
TYS,GSP,0
TYS,IAD,21
TYS,IAH,192
TYS,LAS,18
TYS,LGA,122
TYS,MCO,15
TYS,MIA,10
TYS,MSP,37
TYS,ORD,415
TYS,PHL,177
XNA,ATL,300
XNA,CLT,182
XNA,CVG,23
XNA,DCA,34
XNA,DEN,42
XNA,DFW,585
XNA,EWR,152
XNA,IAH,196
XNA,LAS,35
XNA,LAX,5
XNA,LGA,221
XNA,MSP,92
XNA,ORD,375
XNA,SFO,45